"Crear hora","Casa de apuestas","ID Padre","ID de usuario",Usuario,Tipo,"ID de transacción","Nombre de usuario del emisor",Moneda,Ingresos,Estado,Total,Comisión,Saldo,"Saldo actual",Billeteras,"Tipo de transacción","grupo causal",causal,"producto causal",Descripción,Nota,"Dirección IP"
"2025-09-22 00:08:34",pe.aciertala.com,782425139,787891142,luisardo45,"Player Online",109681084049,luisardo45shop,PEN,50,0.00,50,,270.39,320.39,SportBooks,Deposit,"Depósito - Retiro","XAQRPAY DEPOSIT (2014)",Payments,"XAQRPAY DEPOSIT",,161.132.37.132
"2025-09-22 06:59:47",pe.aciertala.com,782425139,787580597,jorgeluis2025,"Player Online",109684937084,jorgeluis2025shop,PEN,50,0.00,50,,10.71,60.71,SportBooks,Deposit,"Depósito - Retiro","Alps Withdraw Rejected (1027)",Payments,"Retiro Rechazado",,200.121.230.237
"2025-09-22 06:57:42",pe.aciertala.com,782425139,787839779,qwdannyroman,"Player Online",109684898285,qwdannyromanshop,PEN,200,0.00,200,,2382.25,2582.25,SportBooks,Deposit,"Depósito - Retiro","tuPayXabtPay Withdraw Rejected (2021)",Payments,"Withdraw Rejected",,132.251.1.94
"2025-09-22 07:00:39",pe.aciertala.com,782953459,783262958,clienteswebpe,Tienda,109684952183,clienteswebpeunknown,PEN,2000,0.00,2000,,1486.36,3486.36,SportBooks,Deposit,"Depósito - Retiro","Cupón redimido (12)",Cupón,"#2023088 Voucher Canjeado",,177.112.207.214
"2025-09-22 07:49:30",pe.aciertala.com,782425139,787716539,zolander123,"Player Online",109685878838,zolander123shop,PEN,50,0.00,50,,0.09,50.09,SportBooks,Deposit,"Depósito - Retiro","XAQRPAY DEPOSIT (2014)",Payments,"XAQRPAY DEPOSIT",,181.176.95.232
"2025-09-22 11:41:12",pe.aciertala.com,782953777,787760072,T10Mancocapac,Operador,109689864119,"ANTHIA CHERO Aciertala Gestor",PEN,2000,0.00,2000,,15,2015,SportBooks,Deposit,"Depósito - Retiro","Ajuste de apuesta (80)",Miscellaneous,"Depósito De Sportsbook",saldo,181.233.152.6
"2025-09-22 11:46:22",pe.aciertala.com,782425139,783589778,enriquefgch,"Player Online",109689975098,enriquefgchshop,PEN,50,0.00,50,,0.01,50.01,SportBooks,Deposit,"Depósito - Retiro","XAQRPAY DEPOSIT (2014)",Payments,"XAQRPAY DEPOSIT",,181.176.231.244
"2025-09-22 11:12:49",pe.aciertala.com,782425139,784100114,juanlucar,"Player Online",109689309548,"Génesis. Aciertala Gestor",PEN,8,0.00,8,,0.19,8.19,SportBooks,Deposit,"Depósito - Retiro","Deposito Bancario (83)",Banco,"Depósito De Banco","recarga al toque",177.112.207.214
"2025-09-22 11:18:13",pe.aciertala.com,782425139,786673244,huallanca,"Player Online",109689407372,huallancashop,PEN,190,0.00,190,,0.11,190.11,SportBooks,Deposit,"Depósito - Retiro","tuPayXabtPay Withdraw Rejected (2021)",Payments,"Withdraw Rejected",,179.6.13.94
"2025-09-22 11:19:13",pe.aciertala.com,782425139,787911617,josech2017,"Player Online",109689426767,josech2017shop,PEN,286,0.00,286,,54.48,340.48,SportBooks,Deposit,"Depósito - Retiro","tuPayXabtPay Withdraw Rejected (2021)",Payments,"Withdraw Rejected",,190.237.10.91
"2025-09-22 11:24:15",pe.aciertala.com,782425139,787780568,IRWING35,"Player Online",109689527459,IRWING35shop,PEN,50,0.00,50,,0,50,SportBooks,Deposit,"Depósito - Retiro","XAQRPAY DEPOSIT (2014)",Payments,"XAQRPAY DEPOSIT",,179.6.168.85
"2025-09-22 09:36:29",pe.aciertala.com,782425139,787836953,Margot09,"Player Online",109687703741,Margot09shop,PEN,50,0.00,50,,0.02,50.02,SportBooks,Deposit,"Depósito - Retiro","tuPayXabtPay  Deposit (2019)",Payments,Deposit,,181.176.102.113
"2025-09-22 14:52:47",pe.aciertala.com,782425139,787934747,broko0307,"Player Online",109694671877,broko0307shop,PEN,20,0.00,20,,0.84,20.84,SportBooks,Deposit,"Depósito - Retiro","XAQRPAY DEPOSIT (2014)",Payments,"XAQRPAY DEPOSIT",,181.176.87.23
"2025-09-22 14:53:47",pe.aciertala.com,782425139,784100114,juanlucar,"Player Online",109694696336,"lauren reyes Gestor",PEN,15,0.00,15,,0.19,15.19,SportBooks,Deposit,"Depósito - Retiro","Deposito Bancario (83)",Banco,"Depósito De Banco","recarga al toque",181.56.2.117
"2025-09-22 13:40:17",pe.aciertala.com,782425139,787906352,Fernandocp23,"Player Online",109692698516,Fernandocp23shop,PEN,50,0.00,50,,0.23,50.23,SportBooks,Deposit,"Depósito - Retiro","XAQRPAY DEPOSIT (2014)",Payments,"XAQRPAY DEPOSIT",,132.184.55.60
"2025-09-22 14:34:56",pe.aciertala.com,782425139,787780568,IRWING35,"Player Online",109694229839,IRWING35shop,PEN,20,0.00,20,,51.94,71.94,SportBooks,Deposit,"Depósito - Retiro","XAQRPAY DEPOSIT (2014)",Payments,"XAQRPAY DEPOSIT",,132.251.1.60
"2025-09-22 14:29:36",pe.aciertala.com,782425139,787903856,pepo,"Player Online",109694085221,peposhop,PEN,30,0.00,30,,0.04,30.04,SportBooks,Deposit,"Depósito - Retiro","XAQRPAY DEPOSIT (2014)",Payments,"XAQRPAY DEPOSIT",,179.7.16.41
"2025-09-22 15:14:46",pe.aciertala.com,783765743,783786980,PABLO27,"Player Retail",109695216257,PABLO27shop,PEN,280,0.00,280,,12.6,292.6,SportBooks,Deposit,"Depósito - Retiro","tuPayXabtPay Withdraw Rejected (2021)",Payments,"Withdraw Rejected",,179.6.39.7
"2025-09-22 15:16:21",pe.aciertala.com,782953777,787760084,T13Mancocapac,Operador,109695256004,"ANTHIA CHERO Aciertala Gestor",PEN,2000,0.00,2000,,12.29,2012.29,SportBooks,Deposit,"Depósito - Retiro","Ajuste de apuesta (80)",Miscellaneous,"Depósito De Sportsbook",saldo,181.233.152.6
"2025-09-22 15:20:21",pe.aciertala.com,783765743,783786980,PABLO27,"Player Retail",109695354029,PABLO27shop,PEN,280,0.00,280,,12.6,292.6,SportBooks,Deposit,"Depósito - Retiro","tuPayXabtPay Withdraw Rejected (2021)",Payments,"Withdraw Rejected",,179.6.39.7
"2025-09-22 12:27:41",pe.aciertala.com,782425139,783339383,RSUCARI,"Player Online",109690831316,RSUCARIshop,PEN,50,0.00,50,,195.64,245.64,SportBooks,Deposit,"Depósito - Retiro","Alps Online Deposit (1017)",Payments,Deposito,,38.43.130.201
"2025-09-22 12:29:12",pe.aciertala.com,782425139,787353104,yerlis04,"Player Online",109690866452,"lauren reyes Gestor",PEN,5,0.00,5,,0,5,SportBooks,Deposit,"Depósito - Retiro","Deposito Bancario (83)",Banco,"Depósito De Banco","recarga al toque",181.56.2.117
"2025-09-22 13:14:45",pe.aciertala.com,782425139,787816643,HETH,"Player Online",109692010682,HETHshop,PEN,20,0.00,20,,0,20,SportBooks,Deposit,"Depósito - Retiro","XAQRPAY DEPOSIT (2014)",Payments,"XAQRPAY DEPOSIT",,179.6.80.73
"2025-09-22 13:09:36",pe.aciertala.com,782425139,787920011,crzzz123,"Player Online",109691878574,crzzz123shop,PEN,30,0.00,30,,0.32,30.32,SportBooks,Deposit,"Depósito - Retiro","XAQRPAY DEPOSIT (2014)",Payments,"XAQRPAY DEPOSIT",,179.6.45.224
"2025-09-22 12:58:47",pe.aciertala.com,782425139,787911617,josech2017,"Player Online",109691609606,josech2017shop,PEN,50,0.00,50,,54.48,104.48,SportBooks,Deposit,"Depósito - Retiro","XAQRPAY DEPOSIT (2014)",Payments,"XAQRPAY DEPOSIT",,190.237.10.91
"2025-09-22 12:47:16",pe.aciertala.com,782425139,787719455,Paulina126,"Player Online",109691316869,Paulina126shop,PEN,50,0.00,50,,0.38,50.38,SportBooks,Deposit,"Depósito - Retiro","XAQRPAY DEPOSIT (2014)",Payments,"XAQRPAY DEPOSIT",,190.236.0.218
"2025-09-22 14:20:26",pe.aciertala.com,782425139,787712291,jeloy1208,"Player Online",109693828583,jeloy1208shop,PEN,23,0.00,23,,0,23,SportBooks,Deposit,"Depósito - Retiro","XAQRPAY DEPOSIT (2014)",Payments,"XAQRPAY DEPOSIT",,38.56.216.43
"2025-09-22 14:17:36",pe.aciertala.com,782425139,786673244,huallanca,"Player Online",109693748639,huallancashop,PEN,50,0.00,50,,190.11,240.11,SportBooks,Deposit,"Depósito - Retiro","XAQRPAY DEPOSIT (2014)",Payments,"XAQRPAY DEPOSIT",,38.43.130.188
"2025-09-22 14:13:45",pe.aciertala.com,782425139,784100114,juanlucar,"Player Online",109693644188,"lauren reyes Gestor",PEN,15,0.00,15,,0.19,15.19,SportBooks,Deposit,"Depósito - Retiro","Deposito Bancario (83)",Banco,"Depósito De Banco","recarga al toque",181.56.2.117
"2025-09-22 16:33:25",pe.aciertala.com,782425139,787890812,Adler1471,"Player Online",109697080253,Adler1471shop,PEN,50,0.00,50,,0.04,50.04,SportBooks,Deposit,"Depósito - Retiro","XAQRPAY DEPOSIT (2014)",Payments,"XAQRPAY DEPOSIT",,38.25.98.94
"2025-09-22 15:39:10",pe.aciertala.com,782425139,787773053,estagen21,"Player Online",109695818183,estagen21shop,PEN,50,0.00,50,,0.95,50.95,SportBooks,Deposit,"Depósito - Retiro","Alps Online Deposit (1017)",Payments,Deposito,,179.6.153.138
"2025-09-22 16:20:39",pe.aciertala.com,782425139,784100114,juanlucar,"Player Online",109696782863,"lauren reyes Gestor",PEN,10,0.00,10,,0.19,10.19,SportBooks,Deposit,"Depósito - Retiro","Deposito Bancario (83)",Banco,"Depósito De Banco","recarga al toque",181.56.2.117
"2025-09-22 16:36:23",pe.aciertala.com,787195115,787876655,T01LURIN,Operador,109697148749,"ANTHIA CHERO Aciertala Gestor",PEN,2000,0.00,2000,,24,2024,SportBooks,Deposit,"Depósito - Retiro","Ajuste de apuesta (80)",Miscellaneous,"Depósito De Sportsbook",saldo,181.233.152.6
"2025-09-22 16:54:57",pe.aciertala.com,782425139,783559866,Jesse345,"Player Online",109697563760,Jesse345shop,PEN,50,0.00,50,,170.39,220.39,SportBooks,Deposit,"Depósito - Retiro","tuPayXabtPay  Deposit (2019)",Payments,Deposit,,179.7.94.38
"2025-09-22 17:58:09",pe.aciertala.com,782425139,783598206,Chornap,"Player Online",109698781304,Chornapshop,PEN,2000,0.00,2000,,5416.61,7416.61,SportBooks,Deposit,"Depósito - Retiro","tuPayXabtPay Withdraw Rejected (2021)",Payments,"Withdraw Rejected",,179.6.167.179
"2025-09-22 17:58:55",pe.aciertala.com,782425139,787755221,aranguri76,"Player Online",109698793151,aranguri76shop,PEN,900,0.00,900,,368.95,1268.95,SportBooks,Deposit,"Depósito - Retiro","tuPayXabtPay Withdraw Rejected (2021)",Payments,"Withdraw Rejected",,38.255.109.178
"2025-09-22 18:19:38",pe.aciertala.com,782425139,787925099,Javier2301,"Player Online",109699088117,"lauren reyes Gestor",PEN,35,0.00,35,,15.91,50.91,SportBooks,Deposit,"Depósito - Retiro","Cupón Cancelado (14)",Cupón,"#2023109 Voucher Cancelado","por petición del cliente",190.120.229.196
"2025-09-22 18:12:44",pe.aciertala.com,782425139,787948943,cesitar1,"Player Online",109698994664,cesitar1shop,PEN,50,0.00,50,,0.5,50.5,SportBooks,Deposit,"Depósito - Retiro","tuPayXabtPay Withdraw Rejected (2021)",Payments,"Withdraw Rejected",,132.184.55.6
"2025-09-22 18:22:48",pe.aciertala.com,782425139,786963479,gato2024,"Player Online",109699131881,"lauren reyes Gestor",PEN,70,0.00,70,,0.22,70.22,SportBooks,Deposit,"Depósito - Retiro","Deposito Bancario (83)",Banco,"Depósito De Banco","recarga al toque",190.120.229.196
"2025-09-22 17:11:55",pe.aciertala.com,782425139,787949105,Senon2025,"Player Online",109697933420,Senon2025shop,PEN,50,0.00,50,,0,50,SportBooks,Deposit,"Depósito - Retiro","XAQRPAY DEPOSIT (2014)",Payments,"XAQRPAY DEPOSIT",,190.239.92.230
"2025-09-22 17:37:01",pe.aciertala.com,782425139,787780016,Valentina2612,"Player Online",109698425966,Valentina2612shop,PEN,104,0.00,104,,0.03,104.03,SportBooks,Deposit,"Depósito - Retiro","tuPayXabtPay Withdraw Rejected (2021)",Payments,"Withdraw Rejected",,179.6.171.156
"2025-09-22 18:35:56",pe.aciertala.com,782425139,786776663,danielsanchez0003acier,"Player Online",109699303811,danielsanchez0003aciershop,PEN,50,0.00,50,,17.7,67.7,SportBooks,Deposit,"Depósito - Retiro","tuPayXabtPay  Deposit (2019)",Payments,Deposit,,179.6.3.62
"2025-09-23 09:41:46",pe.aciertala.com,782425139,786668150,Arnold337,"Player Online",109707635687,Arnold337shop,PEN,60,0.00,60,,692.35,752.35,SportBooks,Deposit,"Depósito - Retiro","tuPayXabtPay  Deposit (2019)",Payments,Deposit,,181.176.45.153
"2025-09-23 09:33:06",pe.aciertala.com,782425139,787872182,johanngh,"Player Online",109707495746,johannghshop,PEN,120,0.00,120,,420.08,540.08,SportBooks,Deposit,"Depósito - Retiro","tuPayXabtPay  Deposit (2019)",Payments,Deposit,,38.250.157.117
"2025-09-23 10:06:06",pe.aciertala.com,782425139,787872182,johanngh,"Player Online",109708038137,johannghshop,PEN,60,0.00,60,,518.08,578.08,SportBooks,Deposit,"Depósito - Retiro","tuPayXabtPay  Deposit (2019)",Payments,Deposit,,38.250.157.117
"2025-09-23 10:04:37",pe.aciertala.com,782425139,787872182,johanngh,"Player Online",109708013276,johannghshop,PEN,500,0.00,500,,18.08,518.08,SportBooks,Deposit,"Depósito - Retiro","tuPayXabtPay  Deposit (2019)",Payments,Deposit,,38.250.157.117
"2025-09-22 23:26:46",pe.aciertala.com,782425139,787849133,MURIEL,"Player Online",109700886266,MURIELshop,PEN,50,0.00,50,,4.69,54.69,SportBooks,Deposit,"Depósito - Retiro","XAQRPAY DEPOSIT (2014)",Payments,"XAQRPAY DEPOSIT",,138.84.38.248
"2025-09-22 23:38:46",pe.aciertala.com,782425139,786673244,huallanca,"Player Online",109700903471,huallancashop,PEN,70,0.00,70,,40.61,110.61,SportBooks,Deposit,"Depósito - Retiro","XAQRPAY DEPOSIT (2014)",Payments,"XAQRPAY DEPOSIT",,179.6.13.94
"2025-09-23 10:51:06",pe.aciertala.com,782425139,787836953,Margot09,"Player Online",109708781084,Margot09shop,PEN,50,0.00,50,,51.34,101.34,SportBooks,Deposit,"Depósito - Retiro","tuPayXabtPay  Deposit (2019)",Payments,Deposit,,181.176.111.224
"2025-09-23 11:01:26",pe.aciertala.com,782425139,787948943,cesitar1,"Player Online",109708959491,cesitar1shop,PEN,50,0.00,50,,0,50,SportBooks,Deposit,"Depósito - Retiro","XAQRPAY DEPOSIT (2014)",Payments,"XAQRPAY DEPOSIT",,132.184.55.54
"2025-09-23 11:10:36",pe.aciertala.com,782425139,787911617,josech2017,"Player Online",109709125058,josech2017shop,PEN,50,0.00,50,,105.37,155.37,SportBooks,Deposit,"Depósito - Retiro","XAQRPAY DEPOSIT (2014)",Payments,"XAQRPAY DEPOSIT",,190.237.10.91
"2025-09-22 19:11:05",pe.aciertala.com,782425139,784100114,juanlucar,"Player Online",109699714319,"lauren reyes Gestor",PEN,15,0.00,15,,0.19,15.19,SportBooks,Deposit,"Depósito - Retiro","Deposito Bancario (83)",Banco,"Depósito De Banco","recarga al toque",190.120.229.196
"2025-09-22 19:11:27",pe.aciertala.com,782425139,787781504,Lilit123,"Player Online",109699717757,Lilit123shop,PEN,62,0.00,62,,0.11,62.11,SportBooks,Deposit,"Depósito - Retiro","XAQRPAY DEPOSIT (2014)",Payments,"XAQRPAY DEPOSIT",,179.6.7.18
"2025-09-22 19:06:46",pe.aciertala.com,782425139,787816643,HETH,"Player Online",109699671512,HETHshop,PEN,20,0.00,20,,0.2,20.2,SportBooks,Deposit,"Depósito - Retiro","XAQRPAY DEPOSIT (2014)",Payments,"XAQRPAY DEPOSIT",,179.6.80.73
"2025-09-22 19:07:07",pe.aciertala.com,782425139,787756826,mael93,"Player Online",109699675385,mael93shop,PEN,62,0.00,62,,0.47,62.47,SportBooks,Deposit,"Depósito - Retiro","XAQRPAY DEPOSIT (2014)",Payments,"XAQRPAY DEPOSIT",,179.6.171.236
"2025-09-22 19:16:10",pe.aciertala.com,782425139,784100114,juanlucar,"Player Online",109699763654,"lauren reyes Gestor",PEN,30,0.00,30,,0.19,30.19,SportBooks,Deposit,"Depósito - Retiro","Deposito Bancario (83)",Banco,"Depósito De Banco","recarga al toque",190.120.229.196
"2025-09-22 20:12:04",pe.aciertala.com,782425139,787934747,broko0307,"Player Online",109700205032,broko0307shop,PEN,70,0.00,70,,31.47,101.47,SportBooks,Deposit,"Depósito - Retiro","tuPayXabtPay Withdraw Rejected (2021)",Payments,"Withdraw Rejected",,181.67.176.12
"2025-09-22 20:14:11",pe.aciertala.com,782425139,787934747,broko0307,"Player Online",109700217698,broko0307shop,PEN,70,0.00,70,,31.47,101.47,SportBooks,Deposit,"Depósito - Retiro","tuPayXabtPay Withdraw Rejected (2021)",Payments,"Withdraw Rejected",,181.67.176.12
"2025-09-22 20:14:56",pe.aciertala.com,782425139,783536766,coconout,"Player Online",109700223347,coconoutshop,PEN,50,0.00,50,,0.14,50.14,SportBooks,Deposit,"Depósito - Retiro","XAQRPAY DEPOSIT (2014)",Payments,"XAQRPAY DEPOSIT",,179.6.12.243
"2025-09-22 20:41:06",pe.aciertala.com,782425139,787806152,Wachonne,"Player Online",109700372171,Wachonneshop,PEN,50,0.00,50,,0.84,50.84,SportBooks,Deposit,"Depósito - Retiro","tuPayXabtPay  Deposit (2019)",Payments,Deposit,,181.176.88.66
"2025-09-22 20:49:54",pe.aciertala.com,782425139,786949001,Cris91GR,"Player Online",109700416298,Cris91GRshop,PEN,60,0.00,60,,240.5,300.5,SportBooks,Deposit,"Depósito - Retiro","tuPayXabtPay  Deposit (2019)",Payments,Deposit,,38.253.131.223
"2025-09-22 20:51:17",pe.aciertala.com,782425139,786658553,DValpa93,"Player Online",109700423078,DValpa93shop,PEN,50,0.00,50,,1610.42,1660.42,SportBooks,Deposit,"Depósito - Retiro","tuPayXabtPay  Deposit (2019)",Payments,Deposit,,179.6.91.68
"2025-09-22 20:54:38",pe.aciertala.com,782425139,786658670,Leyla,"Player Online",109700438894,Leylashop,PEN,50,0.00,50,,331.77,381.77,SportBooks,Deposit,"Depósito - Retiro","XAQRPAY DEPOSIT (2014)",Payments,"XAQRPAY DEPOSIT",,179.6.12.15
"2025-09-22 20:59:47",pe.aciertala.com,782425139,787732721,Emiliano,"Player Online",109700464028,Emilianoshop,PEN,50,0.00,50,,514.92,564.92,SportBooks,Deposit,"Depósito - Retiro","XAQRPAY DEPOSIT (2014)",Payments,"XAQRPAY DEPOSIT",,179.6.155.72
"2025-09-22 21:04:56",pe.aciertala.com,782425139,787905251,eduque23,"Player Online",109700491076,eduque23shop,PEN,50,0.00,50,,180.47,230.47,SportBooks,Deposit,"Depósito - Retiro","XAQRPAY DEPOSIT (2014)",Payments,"XAQRPAY DEPOSIT",,179.7.16.48
"2025-09-23 09:04:20",pe.aciertala.com,782425139,787920011,crzzz123,"Player Online",109707040007,crzzz123shop,PEN,100,0.00,100,,0.24,100.24,SportBooks,Deposit,"Depósito - Retiro","XAQRPAY DEPOSIT (2014)",Payments,"XAQRPAY DEPOSIT",,179.6.45.224
"2025-09-23 09:25:26",pe.aciertala.com,782425139,787844717,Lukt2025,"Player Online",109707374819,Lukt2025shop,PEN,280,0.00,280,,0.39,280.39,SportBooks,Deposit,"Depósito - Retiro","XAQRPAY DEPOSIT (2014)",Payments,"XAQRPAY DEPOSIT",,143.105.157.147
"2025-09-23 09:04:11",pe.aciertala.com,782425139,787945472,alexism,"Player Online",109707038024,"Eliezer Bartolozzi Aciertala Gestor",PEN,5,0.00,5,,0.1,5.1,SportBooks,Deposit,"Depósito - Retiro","Deposito Bancario (83)",Banco,"Depósito De Banco","Al toque",177.152.87.161
"2025-09-23 11:52:05",pe.aciertala.com,782425139,787920011,crzzz123,"Player Online",109709954645,crzzz123shop,PEN,100,0.00,100,,0,100,SportBooks,Deposit,"Depósito - Retiro","XAQRPAY DEPOSIT (2014)",Payments,"XAQRPAY DEPOSIT",,179.6.45.224
"2025-09-23 11:57:17",pe.aciertala.com,782425139,787563218,Kokimoto89,"Player Online",109710069368,Kokimoto89shop,PEN,50,0.00,50,,84.9,134.9,SportBooks,Deposit,"Depósito - Retiro","XAQRPAY DEPOSIT (2014)",Payments,"XAQRPAY DEPOSIT",,179.6.5.34
"2025-09-23 11:59:56",pe.aciertala.com,782425139,784100114,juanlucar,"Player Online",109710127103,"Eliezer Bartolozzi Aciertala Gestor",PEN,13,0.00,13,,0.19,13.19,SportBooks,Deposit,"Depósito - Retiro","Deposito Bancario (83)",Banco,"Depósito De Banco","al toque",177.152.87.161
"2025-09-23 00:28:57",pe.aciertala.com,782425139,787948943,cesitar1,"Player Online",109700961686,cesitar1shop,PEN,50,0.00,50,,0.5,50.5,SportBooks,Deposit,"Depósito - Retiro","tuPayXabtPay Withdraw Rejected (2021)",Payments,"Withdraw Rejected",,132.184.55.6
"2025-09-23 01:25:26",pe.aciertala.com,782425139,787949531,Jufaorvi23,"Player Online",109701035672,Jufaorvi23shop,PEN,50,0.00,50,,0,50,SportBooks,Deposit,"Depósito - Retiro","XACC TuPay deposit (2024)",Payments,Deposit,,132.251.1.204
"2025-09-22 21:21:48",pe.aciertala.com,782425139,783027979,maycol2025,"Player Online",109700567336,maycol2025shop,PEN,20,0.00,20,,0,20,SportBooks,Deposit,"Depósito - Retiro","Cupón redimido (12)",Cupón,"#2023115 Voucher Canjeado",,179.7.88.188
"2025-09-22 22:25:37",pe.aciertala.com,782425139,787949441,karely2115,"Player Online",109700771288,karely2115shop,PEN,25,0.00,25,,0,25,SportBooks,Deposit,"Depósito - Retiro","XAQRPAY DEPOSIT (2014)",Payments,"XAQRPAY DEPOSIT",,190.233.5.172
"2025-09-22 22:45:38",pe.aciertala.com,782425139,787949441,karely2115,"Player Online",109700817842,karely2115shop,PEN,23,0.00,23,,0.04,23.04,SportBooks,Deposit,"Depósito - Retiro","XAQRPAY DEPOSIT (2014)",Payments,"XAQRPAY DEPOSIT",,190.233.5.172
"2025-09-22 22:46:09",pe.aciertala.com,782425139,787763171,shelcy72,"Player Online",109700818805,shelcy72shop,PEN,100,0.00,100,,0.05,100.05,SportBooks,Deposit,"Depósito - Retiro","XAQRPAY DEPOSIT (2014)",Payments,"XAQRPAY DEPOSIT",,181.64.202.69
"2025-09-22 19:40:23",pe.aciertala.com,782425139,784100114,juanlucar,"Player Online",109699969802,"lauren reyes Gestor",PEN,10,0.00,10,,0.19,10.19,SportBooks,Deposit,"Depósito - Retiro","Deposito Bancario (83)",Banco,"Depósito De Banco","recarga al toque",190.120.229.196
"2025-09-22 19:49:01",pe.aciertala.com,782425139,783140643,ARTUROENRRIQUE,"Player Online",109700039306,ARTUROENRRIQUEshop,PEN,12,0.00,12,,0.03,12.03,SportBooks,Deposit,"Depósito - Retiro","Cupón redimido (12)",Cupón,"#2023061 Voucher Canjeado",,179.7.89.6
"2025-09-22 19:48:53",pe.aciertala.com,782425139,786963479,gato2024,"Player Online",109700038331,"Carolina Parra Gestor",PEN,50,0.00,50,,0.95,50.95,SportBooks,Deposit,"Depósito - Retiro","Ajuste de apuesta (80)",Miscellaneous,"Depósito De Sportsbook","Recarga al toque",138.186.143.50
"2025-09-22 19:50:41",pe.aciertala.com,782425139,784100114,juanlucar,"Player Online",109700052641,"lauren reyes Gestor",PEN,20,0.00,20,,0.19,20.19,SportBooks,Deposit,"Depósito - Retiro","Deposito Bancario (83)",Banco,"Depósito De Banco","recarga al toque",190.120.229.196
"2025-09-22 19:55:48",pe.aciertala.com,782425139,787925099,Javier2301,"Player Online",109700089853,Javier2301shop,PEN,50,0.00,50,,0.91,50.91,SportBooks,Deposit,"Depósito - Retiro","tuPayXabtPay Withdraw Rejected (2021)",Payments,"Withdraw Rejected",,132.251.2.187
"2025-09-22 19:57:17",pe.aciertala.com,782425139,787716866,kaligor123,"Player Online",109700100242,kaligor123shop,PEN,61,0.00,61,,50.17,111.17,SportBooks,Deposit,"Depósito - Retiro","Alps Withdraw Rejected (1027)",Payments,"Retiro Rechazado",,190.237.149.149
"2025-09-23 06:27:15",pe.aciertala.com,782425139,786963479,gato2024,"Player Online",109704178166,"Génesis. Aciertala Gestor",PEN,50,0.00,50,,0.25,50.25,SportBooks,Deposit,"Depósito - Retiro","Deposito Bancario (83)",Banco,"Depósito De Banco","recarga al toque",179.133.45.25
"2025-09-23 07:55:25",pe.aciertala.com,782425139,787939604,Elmer8,"Player Online",109705837439,Elmer8shop,PEN,52,0.00,52,,0,52,SportBooks,Deposit,"Depósito - Retiro","tuPayXabtPay Withdraw Rejected (2021)",Payments,"Withdraw Rejected",,179.6.75.179
"2025-09-23 07:47:11",pe.aciertala.com,782425139,787781540,Romy24,"Player Online",109705685888,Romy24shop,PEN,99,0.00,99,,0.46,99.46,SportBooks,Deposit,"Depósito - Retiro","tuPayXabtPay Withdraw Rejected (2021)",Payments,"Withdraw Rejected",,179.6.168.85
"2025-09-23 08:32:16",pe.aciertala.com,782425139,787948943,cesitar1,"Player Online",109706504405,cesitar1shop,PEN,20,0.00,20,,0.1,20.1,SportBooks,Deposit,"Depósito - Retiro","XAQRPAY DEPOSIT (2014)",Payments,"XAQRPAY DEPOSIT",,132.184.55.54
"2025-09-23 08:34:56",pe.aciertala.com,782425139,786673244,huallanca,"Player Online",109706552102,huallancashop,PEN,50,0.00,50,,6.61,56.61,SportBooks,Deposit,"Depósito - Retiro","XAQRPAY DEPOSIT (2014)",Payments,"XAQRPAY DEPOSIT",,179.6.13.94
"2025-09-23 13:03:20",pe.aciertala.com,782425139,785344119,Carlos1414,"Player Online",109711619255,Carlos1414shop,PEN,20,0.00,20,,0,20,SportBooks,Deposit,"Depósito - Retiro","Alps Online Deposit (1017)",Payments,Deposito,,200.121.216.199
"2025-09-23 13:12:15",pe.aciertala.com,782425139,783103774,zacariastorres,"Player Online",109711855637,zacariastorresshop,PEN,10,0.00,10,,0.48,10.48,SportBooks,Deposit,"Depósito - Retiro","Cupón redimido (12)",Cupón,"#2023127 Voucher Canjeado",,132.191.2.210
"2025-09-23 11:56:18",pe.aciertala.com,782425139,786553175,dansembroski12,"Player Online",109710047996,"Eliezer Bartolozzi Aciertala Gestor",PEN,10,0.00,10,,0,10,SportBooks,Deposit,"Depósito - Retiro","Deposito Bancario (83)",Banco,"Depósito De Banco","al toque",177.152.87.161
"2025-09-23 14:23:34",pe.aciertala.com,782425139,787906352,Fernandocp23,"Player Online",109713779879,Fernandocp23shop,PEN,50,0.00,50,,51.35,101.35,SportBooks,Deposit,"Depósito - Retiro","XAQRPAY DEPOSIT (2014)",Payments,"XAQRPAY DEPOSIT",,132.184.55.60
"2025-09-23 14:18:23",pe.aciertala.com,782425139,787657934,WILDER23,"Player Online",109713634124,WILDER23shop,PEN,265,0.00,265,,0.67,265.67,SportBooks,Deposit,"Depósito - Retiro","XAQRPAY DEPOSIT (2014)",Payments,"XAQRPAY DEPOSIT",,64.76.104.102
"2025-09-23 13:20:37",pe.aciertala.com,782425139,787349360,fernando03,"Player Online",109712068262,fernando03shop,PEN,20,0.00,20,,0.29,20.29,SportBooks,Deposit,"Depósito - Retiro","XAQRPAY DEPOSIT (2014)",Payments,"XAQRPAY DEPOSIT",,181.176.82.213
"2025-09-23 13:24:36",pe.aciertala.com,782425139,787223426,pedro1983,"Player Online",109712173418,pedro1983shop,PEN,9,0.00,9,,0,9,SportBooks,Deposit,"Depósito - Retiro","Cupón redimido (12)",Cupón,"#2023130 Voucher Canjeado",,179.6.136.140
"2025-09-23 13:24:41",pe.aciertala.com,782425139,787872131,Vicentera,"Player Online",109712175257,Vicenterashop,PEN,29,0.00,29,,0.75,29.75,SportBooks,Deposit,"Depósito - Retiro","XAQRPAY DEPOSIT (2014)",Payments,"XAQRPAY DEPOSIT",,132.191.1.195
"2025-09-23 12:34:46",pe.aciertala.com,782425139,787745093,valentin21,"Player Online",109710899669,valentin21shop,PEN,40,0.00,40,,0.1,40.1,SportBooks,Deposit,"Depósito - Retiro","XAQRPAY DEPOSIT (2014)",Payments,"XAQRPAY DEPOSIT",,132.191.2.62
"2025-09-23 13:35:57",pe.aciertala.com,782425139,787925099,Javier2301,"Player Online",109712487965,Javier2301shop,PEN,50,0.00,50,,0.91,50.91,SportBooks,Deposit,"Depósito - Retiro","tuPayXabtPay Withdraw Rejected (2021)",Payments,"Withdraw Rejected",,132.251.0.57
"2025-09-23 13:21:48",pe.aciertala.com,782953645,787757345,T12CTOGRANDE2,Operador,109712098058,"ANTHIA CHERO Aciertala Gestor",PEN,2000,0.00,2000,,0,2000,SportBooks,Deposit,"Depósito - Retiro","Ajuste de apuesta (80)",Miscellaneous,"Depósito De Sportsbook",saldo,38.25.22.92
"2025-09-23 15:50:24",pe.aciertala.com,782425139,786761612,aasp249,"Player Online",109716014777,"lauren reyes Gestor",PEN,23,0.00,23,,0,23,SportBooks,Deposit,"Depósito - Retiro","Deposito Bancario (83)",Banco,"Depósito De Banco","recarga al toque",190.120.229.196
"2025-09-23 15:32:39",pe.aciertala.com,782425139,787818494,Jlatorre1910,"Player Online",109715564183,Jlatorre1910shop,PEN,160,0.00,160,,0.54,160.54,SportBooks,Deposit,"Depósito - Retiro","tuPayXabtPay Withdraw Rejected (2021)",Payments,"Withdraw Rejected",,38.253.148.70
"2025-09-23 15:09:45",pe.aciertala.com,782425139,787926785,pmhb198,"Player Online",109714974794,"lauren reyes Gestor",PEN,3,0.00,3,,0.02,3.02,SportBooks,Deposit,"Depósito - Retiro","Deposito Bancario (83)",Banco,"Depósito De Banco","recarga al toque",190.120.229.196
"2025-09-23 15:33:21",pe.aciertala.com,782425139,787951472,jesusmayhuiri726,"Player Online",109715582702,jesusmayhuiri726shop,PEN,20,0.00,20,,0,20,SportBooks,Deposit,"Depósito - Retiro","Alps Online Deposit (1017)",Payments,Deposito,,45.232.149.242
"2025-09-23 14:56:36",pe.aciertala.com,782425139,787716866,kaligor123,"Player Online",109714631375,kaligor123shop,PEN,50,0.00,50,,50.5,100.5,SportBooks,Deposit,"Depósito - Retiro","XAQRPAY DEPOSIT (2014)",Payments,"XAQRPAY DEPOSIT",,190.237.149.149
"2025-09-23 14:59:06",pe.aciertala.com,782425139,787915799,marypt31,"Player Online",109714697633,marypt31shop,PEN,50,0.00,50,,62.05,112.05,SportBooks,Deposit,"Depósito - Retiro","XAQRPAY DEPOSIT (2014)",Payments,"XAQRPAY DEPOSIT",,132.184.55.182
"2025-09-23 16:09:26",pe.aciertala.com,782425139,787654829,larrya,"Player Online",109716455102,larryashop,PEN,50,0.00,50,,6.8,56.8,SportBooks,Deposit,"Depósito - Retiro","XAQRPAY DEPOSIT (2014)",Payments,"XAQRPAY DEPOSIT",,38.25.95.52
"2025-09-23 15:18:26",pe.aciertala.com,782425139,787920011,crzzz123,"Player Online",109715199197,crzzz123shop,PEN,100,0.00,100,,0,100,SportBooks,Deposit,"Depósito - Retiro","XAQRPAY DEPOSIT (2014)",Payments,"XAQRPAY DEPOSIT",,179.6.45.224
"2025-09-23 16:35:47",pe.aciertala.com,782425139,784100114,juanlucar,"Player Online",109717071275,"Maria Vargas Gestor",PEN,10,0.00,10,,0.19,10.19,SportBooks,Deposit,"Depósito - Retiro","Deposito Bancario (83)",Banco,"Depósito De Banco","Recarga al Toque",190.236.255.107
"2025-09-23 16:48:08",pe.aciertala.com,782425139,784100114,juanlucar,"Player Online",109717351757,"Maria Vargas Gestor",PEN,10,0.00,10,,0.19,10.19,SportBooks,Deposit,"Depósito - Retiro","Deposito Bancario (83)",Banco,"Depósito De Banco","Recarga al toque",190.236.255.107
"2025-09-23 16:40:46",pe.aciertala.com,782425139,787349360,fernando03,"Player Online",109717183457,fernando03shop,PEN,20,0.00,20,,0.29,20.29,SportBooks,Deposit,"Depósito - Retiro","XAQRPAY DEPOSIT (2014)",Payments,"XAQRPAY DEPOSIT",,181.176.82.213
"2025-09-23 17:34:03",pe.aciertala.com,782425139,784100114,juanlucar,"Player Online",109718309168,"Maria Vargas Gestor",PEN,10,0.00,10,,0.19,10.19,SportBooks,Deposit,"Depósito - Retiro","Deposito Bancario (83)",Banco,"Depósito De Banco","Recarga al Toque",190.236.255.107
"2025-09-23 17:58:34",pe.aciertala.com,782425139,787892096,CARLOSBELLIDO,"Player Online",109718732930,CARLOSBELLIDOshop,PEN,30,0.00,30,,0,30,SportBooks,Deposit,"Depósito - Retiro","XAQRPAY DEPOSIT (2014)",Payments,"XAQRPAY DEPOSIT",,191.98.182.207
"2025-09-23 18:08:37",pe.aciertala.com,782425139,787888487,jhofer,"Player Online",109718884856,jhofershop,PEN,50,0.00,50,,103.7,153.7,SportBooks,Deposit,"Depósito - Retiro","XAQRPAY DEPOSIT (2014)",Payments,"XAQRPAY DEPOSIT",,181.176.93.26
"2025-09-23 17:46:06",pe.aciertala.com,782425139,787948943,cesitar1,"Player Online",109718530349,cesitar1shop,PEN,200,0.00,200,,0,200,SportBooks,Deposit,"Depósito - Retiro","XAQRPAY DEPOSIT (2014)",Payments,"XAQRPAY DEPOSIT",,132.184.55.54
"2025-09-23 17:21:21",pe.aciertala.com,782425139,787925099,Javier2301,"Player Online",109718059133,Javier2301shop,PEN,30,0.00,30,,0.01,30.01,SportBooks,Deposit,"Depósito - Retiro","Alps Online Deposit (1017)",Payments,Deposito,,132.251.0.57
"2025-09-23 18:34:20",pe.aciertala.com,782425139,787470200,daca,"Player Online",109719228224,dacashop,PEN,20,0.00,20,,0.99,20.99,SportBooks,Deposit,"Depósito - Retiro","Cupón redimido (12)",Cupón,"#2023139 Voucher Canjeado",,132.251.0.207
"2025-09-23 18:24:52",pe.aciertala.com,782953903,787760804,T11VARADEORO,Operador,109719105956,"ANTHIA CHERO Aciertala Gestor",PEN,2000,0.00,2000,,4,2004,SportBooks,Deposit,"Depósito - Retiro","Ajuste de apuesta (80)",Miscellaneous,"Depósito De Sportsbook",saldo,38.25.22.92
"2025-09-23 18:38:11",pe.aciertala.com,782425139,787712291,jeloy1208,"Player Online",109719274589,jeloy1208shop,PEN,50,0.00,50,,0,50,SportBooks,Deposit,"Depósito - Retiro","XAQRPAY DEPOSIT (2014)",Payments,"XAQRPAY DEPOSIT",,161.132.109.192
"2025-09-23 18:48:37",pe.aciertala.com,782425139,787717796,EDUARDO3030,"Player Online",109719399770,EDUARDO3030shop,PEN,36,0.00,36,,0.06,36.06,SportBooks,Deposit,"Depósito - Retiro","tuPayXabtPay  Deposit (2019)",Payments,Deposit,,38.56.214.24
"2025-09-23 19:09:32",pe.aciertala.com,782953645,787757327,T07CTOGRANDE2,Operador,109719613715,"ANTHIA CHERO Aciertala Gestor",PEN,2000,0.00,2000,,2.7,2002.7,SportBooks,Deposit,"Depósito - Retiro","Ajuste de apuesta (80)",Miscellaneous,"Depósito De Sportsbook",saldo,181.233.152.6
"2025-09-23 19:05:06",pe.aciertala.com,782425139,787732721,Emiliano,"Player Online",109719570962,Emilianoshop,PEN,50,0.00,50,,566.51,616.51,SportBooks,Deposit,"Depósito - Retiro","tuPayXabtPay  Deposit (2019)",Payments,Deposit,,179.6.155.72
"2025-09-23 19:10:11",pe.aciertala.com,782425139,787951472,jesusmayhuiri726,"Player Online",109719620456,jesusmayhuiri726shop,PEN,259,0.00,259,,0.79,259.79,SportBooks,Deposit,"Depósito - Retiro","tuPayXabtPay Withdraw Rejected (2021)",Payments,"Withdraw Rejected",,45.232.149.242
"2025-09-23 19:55:27",pe.aciertala.com,782425139,786963479,gato2024,"Player Online",109720001975,"Maria Vargas Gestor",PEN,60,0.00,60,,0.24,60.24,SportBooks,Deposit,"Depósito - Retiro","Deposito Bancario (83)",Banco,"Depósito De Banco","Recarga al Toque",190.236.255.107
"2025-09-23 20:09:58",pe.aciertala.com,782425139,787945472,alexism,"Player Online",109720088807,"Maria Vargas Gestor",PEN,5,0.00,5,,0.16,5.16,SportBooks,Deposit,"Depósito - Retiro","Deposito Bancario (83)",Banco,"Depósito De Banco","Recarga al Toque",190.236.255.107
"2025-09-23 21:15:47",pe.aciertala.com,782425139,784100114,juanlucar,"Player Online",109720353728,"Maria Vargas Gestor",PEN,15,0.00,15,,0.19,15.19,SportBooks,Deposit,"Depósito - Retiro","Deposito Bancario (83)",Banco,"Depósito De Banco","Recarga al Toque",190.236.255.107
"2025-09-23 21:16:16",pe.aciertala.com,782425139,786963479,gato2024,"Player Online",109720355120,"Maria Vargas Gestor",PEN,30,0.00,30,,0.2,30.2,SportBooks,Deposit,"Depósito - Retiro","Deposito Bancario (83)",Banco,"Depósito De Banco","Recarga al Toque",190.236.255.107
"2025-09-23 19:27:04",pe.aciertala.com,782953903,787760774,T04VARADEORO,Operador,109719774446,"ANTHIA CHERO Aciertala Gestor",PEN,2000,0.00,2000,,15.2,2015.2,SportBooks,Deposit,"Depósito - Retiro","Ajuste de apuesta (80)",Miscellaneous,"Depósito De Sportsbook",saldo,181.233.152.6
"2025-09-23 19:27:13",pe.aciertala.com,782425139,787822703,wilson1993,"Player Online",109719775832,"lauren reyes Gestor",PEN,10,0.00,10,,0,10,SportBooks,Deposit,"Depósito - Retiro","Deposito Bancario (83)",Banco,"Depósito De Banco","recarga al toque",190.120.229.196
"2025-09-23 19:40:24",pe.aciertala.com,782425139,784100114,juanlucar,"Player Online",109719895706,"Maria Vargas Gestor",PEN,20,0.00,20,,0.19,20.19,SportBooks,Deposit,"Depósito - Retiro","Deposito Bancario (83)",Banco,"Depósito De Banco","Recarga al Toque",190.236.255.107
"2025-09-23 21:50:30",pe.aciertala.com,782425139,787470200,daca,"Player Online",109720452722,dacashop,PEN,10,0.00,10,,0.99,10.99,SportBooks,Deposit,"Depósito - Retiro","Cupón redimido (12)",Cupón,"#2023151 Voucher Canjeado",,132.251.0.207
"2025-09-23 21:58:17",pe.aciertala.com,782425139,787951988,Mabel13,"Player Online",109720472840,Mabel13shop,PEN,30,0.00,30,,0.1,30.1,SportBooks,Deposit,"Depósito - Retiro","XAQRPAY DEPOSIT (2014)",Payments,"XAQRPAY DEPOSIT",,190.42.33.191
"2025-09-23 22:14:44",pe.aciertala.com,782425139,787951472,jesusmayhuiri726,"Player Online",109720510388,jesusmayhuiri726shop,PEN,259,0.00,259,,0.79,259.79,SportBooks,Deposit,"Depósito - Retiro","tuPayXabtPay Withdraw Rejected (2021)",Payments,"Withdraw Rejected",,179.6.144.103
"2025-09-23 22:24:21",pe.aciertala.com,782425139,787818494,Jlatorre1910,"Player Online",109720532243,Jlatorre1910shop,PEN,50,0.00,50,,160.54,210.54,SportBooks,Deposit,"Depósito - Retiro","XAQRPAY DEPOSIT (2014)",Payments,"XAQRPAY DEPOSIT",,38.253.148.70
"2025-09-23 22:37:26",pe.aciertala.com,782425139,786963479,gato2024,"Player Online",109720556963,"Maria Vargas Gestor",PEN,100,0.00,100,,0.63,100.63,SportBooks,Deposit,"Depósito - Retiro","Deposito Bancario (83)",Banco,"Depósito De Banco","Recarga al Toque",190.236.255.107
"2025-09-23 22:58:25",pe.aciertala.com,782425139,786658553,DValpa93,"Player Online",109720586153,DValpa93shop,PEN,50,0.00,50,,1661.8,1711.8,SportBooks,Deposit,"Depósito - Retiro","tuPayXabtPay  Deposit (2019)",Payments,Deposit,,179.6.73.249
"2025-09-23 23:23:34",pe.aciertala.com,782425139,787942829,WaldirBeria,"Player Online",109720616165,WaldirBeriashop,PEN,384,0.00,384,,0.18,384.18,SportBooks,Deposit,"Depósito - Retiro","Alps Withdraw Rejected (1027)",Payments,"Retiro Rechazado",,143.105.157.12
"2025-09-23 23:24:42",pe.aciertala.com,782425139,787942829,WaldirBeria,"Player Online",109720617422,WaldirBeriashop,PEN,84,0.00,84,,300.18,384.18,SportBooks,Deposit,"Depósito - Retiro","tuPayXabtPay Withdraw Rejected (2021)",Payments,"Withdraw Rejected",,143.105.157.12
"2025-09-23 23:27:17",pe.aciertala.com,782425139,786963479,gato2024,"Player Online",109720621214,"Maria Vargas Gestor",PEN,100,0.00,100,,0.59,100.59,SportBooks,Deposit,"Depósito - Retiro","Deposito Bancario (83)",Banco,"Depósito De Banco","Recarga al toque",190.236.255.107
"2025-09-22 08:08:46",pe.aciertala.com,782425139,787850972,myupanqui,"Player Online",109686215666,myupanquishop,PEN,50,0.00,50,,413.19,463.19,SportBooks,Deposit,"Depósito - Retiro","XAQRPAY DEPOSIT (2014)",Payments,"XAQRPAY DEPOSIT",,190.235.46.135
"2025-09-22 08:29:05",pe.aciertala.com,782425139,787716866,kaligor123,"Player Online",109686567470,kaligor123shop,PEN,50,0.00,50,,0.23,50.23,SportBooks,Deposit,"Depósito - Retiro","XAQRPAY DEPOSIT (2014)",Payments,"XAQRPAY DEPOSIT",,190.237.149.149
"2025-09-22 09:37:45",pe.aciertala.com,782425139,787822703,wilson1993,"Player Online",109687727318,wilson1993shop,PEN,111,0.00,111,,10.5,121.5,SportBooks,Deposit,"Depósito - Retiro","tuPayXabtPay Withdraw Rejected (2021)",Payments,"Withdraw Rejected",,190.238.10.56
"2025-09-22 06:57:26",pe.aciertala.com,782425139,787939604,Elmer8,"Player Online",109684893284,Elmer8shop,PEN,52,0.00,52,,0,52,SportBooks,Deposit,"Depósito - Retiro","tuPayXabtPay Withdraw Rejected (2021)",Payments,"Withdraw Rejected",,179.6.74.246
"2025-09-22 06:56:46",pe.aciertala.com,782425139,787720943,Leydy20,"Player Online",109684881464,Leydy20shop,PEN,50,0.00,50,,0.1,50.1,SportBooks,Deposit,"Depósito - Retiro","XAQRPAY DEPOSIT (2014)",Payments,"XAQRPAY DEPOSIT",,190.236.12.20
"2025-09-22 06:37:44",pe.aciertala.com,782425139,787349360,fernando03,"Player Online",109684523495,fernando03shop,PEN,20,0.00,20,,0.67,20.67,SportBooks,Deposit,"Depósito - Retiro","XAQRPAY DEPOSIT (2014)",Payments,"XAQRPAY DEPOSIT",,181.176.231.45
"2025-09-22 07:06:36",pe.aciertala.com,782425139,787713623,Jheyson20,"Player Online",109685062556,Jheyson20shop,PEN,50,0.00,50,,0.15,50.15,SportBooks,Deposit,"Depósito - Retiro","XAQRPAY DEPOSIT (2014)",Payments,"XAQRPAY DEPOSIT",,190.236.12.20
"2025-09-22 06:58:46",pe.aciertala.com,782425139,787141889,guillechestger,"Player Online",109684918061,guillechestgershop,PEN,370,0.00,370,,3.12,373.12,SportBooks,Deposit,"Depósito - Retiro","tuPayXabtPay Withdraw Rejected (2021)",Payments,"Withdraw Rejected",,201.218.157.180
"2025-09-22 07:00:14",pe.aciertala.com,782425139,787786997,JGibson91,"Player Online",109684944965,JGibson91shop,PEN,50,0.00,50,,2.3,52.3,SportBooks,Deposit,"Depósito - Retiro","XAQRPAY DEPOSIT (2014)",Payments,"XAQRPAY DEPOSIT",,209.45.55.211
"2025-09-22 07:21:22",pe.aciertala.com,782425139,787802474,calram5,"Player Online",109685339297,calram5shop,PEN,50,0.00,50,,0.34,50.34,SportBooks,Deposit,"Depósito - Retiro","XAQRPAY DEPOSIT (2014)",Payments,"XAQRPAY DEPOSIT",,190.42.184.136
"2025-09-22 11:02:36",pe.aciertala.com,782425139,787717796,EDUARDO3030,"Player Online",109689123620,EDUARDO3030shop,PEN,50,0.00,50,,0.16,50.16,SportBooks,Deposit,"Depósito - Retiro","XAQRPAY DEPOSIT (2014)",Payments,"XAQRPAY DEPOSIT",,38.56.214.24
"2025-09-22 11:02:36",pe.aciertala.com,782425139,787349360,fernando03,"Player Online",109689123701,fernando03shop,PEN,20,0.00,20,,0.67,20.67,SportBooks,Deposit,"Depósito - Retiro","XAQRPAY DEPOSIT (2014)",Payments,"XAQRPAY DEPOSIT",,181.176.101.149
"2025-09-22 10:18:46",pe.aciertala.com,782425139,787735541,chris,"Player Online",109688379419,chrisshop,PEN,50,0.00,50,,0.16,50.16,SportBooks,Deposit,"Depósito - Retiro","tuPayXabtPay  Deposit (2019)",Payments,Deposit,,177.91.250.34
"2025-09-22 11:59:37",pe.aciertala.com,782425139,786668150,Arnold337,"Player Online",109690240559,Arnold337shop,PEN,60,0.00,60,,562.79,622.79,SportBooks,Deposit,"Depósito - Retiro","tuPayXabtPay  Deposit (2019)",Payments,Deposit,,38.56.214.54
"2025-09-22 12:06:51",pe.aciertala.com,782425139,784100114,juanlucar,"Player Online",109690388159,"lauren reyes Gestor",PEN,20,0.00,20,,0.19,20.19,SportBooks,Deposit,"Depósito - Retiro","Deposito Bancario (83)",Banco,"Depósito De Banco","recarga al toque",181.56.2.117
"2025-09-22 11:59:46",pe.aciertala.com,782425139,787731350,marchelo1313,"Player Retail",109690243853,marchelo1313shop,PEN,20,0.00,20,,0.29,20.29,SportBooks,Deposit,"Depósito - Retiro","tuPayXabtPay  Deposit (2019)",Payments,Deposit,,132.191.0.129
"2025-09-22 11:36:36",pe.aciertala.com,782425139,784570079,Aureliacaridad,"Player Online",109689768572,Aureliacaridadshop,PEN,51,0.00,51,,0.07,51.07,SportBooks,Deposit,"Depósito - Retiro","tuPayXabtPay  Deposit (2019)",Payments,Deposit,,190.237.255.51
"2025-09-22 11:48:06",pe.aciertala.com,782425139,787781540,Romy24,"Player Online",109690010180,Romy24shop,PEN,50,0.00,50,,0,50,SportBooks,Deposit,"Depósito - Retiro","XAQRPAY DEPOSIT (2014)",Payments,"XAQRPAY DEPOSIT",,179.6.168.85
"2025-09-22 12:07:31",pe.aciertala.com,782425139,787925099,Javier2301,"Player Online",109690402721,Javier2301shop,PEN,20,0.00,20,,0,20,SportBooks,Deposit,"Depósito - Retiro","XAQRPAY DEPOSIT (2014)",Payments,"XAQRPAY DEPOSIT",,132.251.2.187
"2025-09-22 13:45:09",pe.aciertala.com,782954011,787760300,T06RIVAGUERO,Operador,109692831050,"ANTHIA CHERO Aciertala Gestor",PEN,2000,0.00,2000,,9.8,2009.8,SportBooks,Deposit,"Depósito - Retiro","Ajuste de apuesta (80)",Miscellaneous,"Depósito De Sportsbook",Saldo,181.233.152.6
"2025-09-22 12:35:12",pe.aciertala.com,782425139,787467494,nestoranccor,"Player Online",109691012543,nestoranccorshop,PEN,50,0.00,50,,223.64,273.64,SportBooks,Deposit,"Depósito - Retiro","XAQRPAY DEPOSIT (2014)",Payments,"XAQRPAY DEPOSIT",,186.163.10.43
"2025-09-22 12:38:18",pe.aciertala.com,782425139,784100114,juanlucar,"Player Online",109691089145,"lauren reyes Gestor",PEN,10,0.00,10,,0.19,10.19,SportBooks,Deposit,"Depósito - Retiro","Deposito Bancario (83)",Banco,"Depósito De Banco","recarga al toque",181.56.2.117
"2025-09-22 14:03:56",pe.aciertala.com,782425139,787903856,pepo,"Player Online",109693365575,peposhop,PEN,50,0.00,50,,0.04,50.04,SportBooks,Deposit,"Depósito - Retiro","XAQRPAY DEPOSIT (2014)",Payments,"XAQRPAY DEPOSIT",,179.7.16.41
"2025-09-22 12:45:27",pe.aciertala.com,782425139,787662446,William147,"Player Online",109691269910,William147shop,PEN,50,0.00,50,,0.13,50.13,SportBooks,Deposit,"Depósito - Retiro","XAQRPAY DEPOSIT (2014)",Payments,"XAQRPAY DEPOSIT",,190.236.0.218
"2025-09-22 15:14:27",pe.aciertala.com,782425139,787678388,Ventidoes,"Player Online",109695207731,Ventidoesshop,PEN,50,0.00,50,,0.46,50.46,SportBooks,Deposit,"Depósito - Retiro","tuPayXabtPay  Deposit (2019)",Payments,Deposit,,179.7.73.151
"2025-09-22 15:17:36",pe.aciertala.com,782425139,787948943,cesitar1,"Player Online",109695286625,cesitar1shop,PEN,50,0.00,50,,0,50,SportBooks,Deposit,"Depósito - Retiro","XAQRPAY DEPOSIT (2014)",Payments,"XAQRPAY DEPOSIT",,132.184.55.6
"2025-09-22 15:17:40",pe.aciertala.com,782425139,787822703,wilson1993,"Player Online",109695288011,"Carolina Parra Gestor",PEN,10,0.00,10,,0,10,SportBooks,Deposit,"Depósito - Retiro","Ajuste de apuesta (80)",Miscellaneous,"Depósito De Sportsbook","Recarga de al toque",8.242.126.84
"2025-09-22 15:17:56",pe.aciertala.com,782425139,787948901,irvingjair,"Player Online",109695295106,irvingjairshop,PEN,50,0.00,50,,0,50,SportBooks,Deposit,"Depósito - Retiro","tuPayXabtPay  Deposit (2019)",Payments,Deposit,,132.191.2.178
"2025-09-22 15:12:36",pe.aciertala.com,783765743,783786980,PABLO27,"Player Retail",109695162410,PABLO27shop,PEN,280,0.00,280,,12.6,292.6,SportBooks,Deposit,"Depósito - Retiro","tuPayXabtPay Withdraw Rejected (2021)",Payments,"Withdraw Rejected",,179.6.39.7
"2025-09-22 15:13:51",pe.aciertala.com,782425139,787948943,cesitar1,"Player Online",109695192710,cesitar1shop,PEN,20,0.00,20,,0,20,SportBooks,Deposit,"Depósito - Retiro","XAQRPAY DEPOSIT (2014)",Payments,"XAQRPAY DEPOSIT",,132.184.55.6
"2025-09-22 13:23:16",pe.aciertala.com,782425139,785971067,javier02,"Player Online",109692228494,javier02shop,PEN,20,0.00,20,,1.68,21.68,SportBooks,Deposit,"Depósito - Retiro","Cupón redimido (12)",Cupón,"#2023097 Voucher Canjeado",,132.251.1.73
"2025-09-22 15:08:42",pe.aciertala.com,782425139,787703126,NROJAS,"Player Online",109695064223,NROJASshop,PEN,50,0.00,50,,0.31,50.31,SportBooks,Deposit,"Depósito - Retiro","Alps Online Deposit (1017)",Payments,Deposito,,179.6.136.109
"2025-09-22 15:08:44",pe.aciertala.com,782425139,787223426,pedro1983,"Player Online",109695065072,pedro1983shop,PEN,6,0.00,6,,0,6,SportBooks,Deposit,"Depósito - Retiro","Cupón redimido (12)",Cupón,"#2023100 Voucher Canjeado",,179.6.155.117
"2025-09-22 15:05:56",pe.aciertala.com,782425139,787936745,Andrea2102,"Player Online",109694997425,Andrea2102shop,PEN,20,0.00,20,,0,20,SportBooks,Deposit,"Depósito - Retiro","XAQRPAY DEPOSIT (2014)",Payments,"XAQRPAY DEPOSIT",,190.236.2.14
"2025-09-22 15:20:06",pe.aciertala.com,782425139,787920011,crzzz123,"Player Online",109695348464,crzzz123shop,PEN,30,0.00,30,,0.32,30.32,SportBooks,Deposit,"Depósito - Retiro","XAQRPAY DEPOSIT (2014)",Payments,"XAQRPAY DEPOSIT",,181.176.90.242
"2025-09-22 15:22:12",pe.aciertala.com,782425139,787899497,Alexis.xtn,"Player Online",109695398510,Alexis.xtnshop,PEN,300,0.00,300,,0,300,SportBooks,Deposit,"Depósito - Retiro","Alps Online Deposit (1017)",Payments,Deposito,,179.7.16.12
"2025-09-22 15:24:09",pe.aciertala.com,782425139,787948943,cesitar1,"Player Online",109695445055,cesitar1shop,PEN,100,0.00,100,,0,100,SportBooks,Deposit,"Depósito - Retiro","XAQRPAY DEPOSIT (2014)",Payments,"XAQRPAY DEPOSIT",,132.184.55.6
"2025-09-22 15:19:55",pe.aciertala.com,782425139,787844717,Lukt2025,"Player Online",109695344030,Lukt2025shop,PEN,50,0.00,50,,0.06,50.06,SportBooks,Deposit,"Depósito - Retiro","XAQRPAY DEPOSIT (2014)",Payments,"XAQRPAY DEPOSIT",,143.105.157.147
"2025-09-22 15:36:36",pe.aciertala.com,782425139,787915799,marypt31,"Player Online",109695755225,marypt31shop,PEN,50,0.00,50,,0.95,50.95,SportBooks,Deposit,"Depósito - Retiro","XAQRPAY DEPOSIT (2014)",Payments,"XAQRPAY DEPOSIT",,132.184.55.130
"2025-09-22 14:45:02",pe.aciertala.com,782425139,787903856,pepo,"Player Online",109694487134,peposhop,PEN,30,0.00,30,,0.04,30.04,SportBooks,Deposit,"Depósito - Retiro","XAQRPAY DEPOSIT (2014)",Payments,"XAQRPAY DEPOSIT",,179.7.16.41
"2025-09-22 15:47:46",pe.aciertala.com,782425139,787780016,Valentina2612,"Player Online",109696021535,Valentina2612shop,PEN,55,0.00,55,,0.02,55.02,SportBooks,Deposit,"Depósito - Retiro","tuPayXabtPay  Deposit (2019)",Payments,Deposit,,179.6.171.156
"2025-09-22 16:08:46",pe.aciertala.com,782425139,787936745,Andrea2102,"Player Online",109696504700,Andrea2102shop,PEN,20,0.00,20,,0,20,SportBooks,Deposit,"Depósito - Retiro","XAQRPAY DEPOSIT (2014)",Payments,"XAQRPAY DEPOSIT",,190.236.2.14
"2025-09-22 18:41:46",pe.aciertala.com,782425139,787903856,pepo,"Player Online",109699376273,peposhop,PEN,50,0.00,50,,0.09,50.09,SportBooks,Deposit,"Depósito - Retiro","XAQRPAY DEPOSIT (2014)",Payments,"XAQRPAY DEPOSIT",,179.7.16.41
"2025-09-22 18:44:10",pe.aciertala.com,782425139,787948943,cesitar1,"Player Online",109699407794,cesitar1shop,PEN,150,0.00,150,,0.5,150.5,SportBooks,Deposit,"Depósito - Retiro","tuPayXabtPay Withdraw Rejected (2021)",Payments,"Withdraw Rejected",,132.184.55.6
"2025-09-22 18:45:24",pe.aciertala.com,782425139,786963479,gato2024,"Player Online",109699423910,"lauren reyes Gestor",PEN,50,0.00,50,,0.95,50.95,SportBooks,Deposit,"Depósito - Retiro","Deposito Bancario (83)",Banco,"Depósito De Banco","recarga al toque",181.56.2.117
"2025-09-22 18:41:59",pe.aciertala.com,782953459,782953699,SHOP_CTOGRANDE8,Tienda,109699379150,SHOP_CTOGRANDE8unknown,PEN,200,0.00,200,,2242,2442,SportBooks,Deposit,"Depósito - Retiro","Cupón redimido (12)",Cupón,"#2023085 Voucher Canjeado",,200.121.230.129
"2025-09-22 15:38:44",pe.aciertala.com,782425139,787903856,pepo,"Player Online",109695807647,peposhop,PEN,25,0.00,25,,0.04,25.04,SportBooks,Deposit,"Depósito - Retiro","XAQRPAY DEPOSIT (2014)",Payments,"XAQRPAY DEPOSIT",,179.7.16.41
"2025-09-22 15:39:16",pe.aciertala.com,782425139,787759916,carlos.saldabece,"Player Online",109695820559,carlos.saldabeceshop,PEN,300,0.00,300,,1.84,301.84,SportBooks,Deposit,"Depósito - Retiro","XAQRPAY DEPOSIT (2014)",Payments,"XAQRPAY DEPOSIT",,38.250.151.32
"2025-09-22 18:36:36",pe.aciertala.com,782425139,787580597,jorgeluis2025,"Player Online",109699311992,jorgeluis2025shop,PEN,20,0.00,20,,0.71,20.71,SportBooks,Deposit,"Depósito - Retiro","tuPayXabtPay  Deposit (2019)",Payments,Deposit,,200.121.230.237
"2025-09-22 17:00:38",pe.aciertala.com,782425139,784100114,juanlucar,"Player Online",109697690258,"lauren reyes Gestor",PEN,10,0.00,10,,0.19,10.19,SportBooks,Deposit,"Depósito - Retiro","Deposito Bancario (83)",Banco,"Depósito De Banco","recarga al toque",190.120.229.196
"2025-09-22 17:04:16",pe.aciertala.com,782425139,787091780,Jorgechm12,"Player Online",109697771732,Jorgechm12shop,PEN,50,0.00,50,,0,50,SportBooks,Deposit,"Depósito - Retiro","XAQRPAY DEPOSIT (2014)",Payments,"XAQRPAY DEPOSIT",,179.7.64.26
"2025-09-22 17:24:26",pe.aciertala.com,782425139,787948943,cesitar1,"Player Online",109698186911,cesitar1shop,PEN,50,0.00,50,,650,700,SportBooks,Deposit,"Depósito - Retiro","tuPayXabtPay Withdraw Rejected (2021)",Payments,"Withdraw Rejected",,132.184.55.6
"2025-09-22 17:28:45",pe.aciertala.com,782425139,787719455,Paulina126,"Player Online",109698271094,Paulina126shop,PEN,73,0.00,73,,0.34,73.34,SportBooks,Deposit,"Depósito - Retiro","tuPayXabtPay Withdraw Rejected (2021)",Payments,"Withdraw Rejected",,181.66.150.25
"2025-09-22 17:33:56",pe.aciertala.com,782425139,783588842,fredyal,"Player Online",109698367814,fredyalshop,PEN,150,0.00,150,,0.36,150.36,SportBooks,Deposit,"Depósito - Retiro","Cupón redimido (12)",Cupón,"#2023106 Voucher Canjeado",,179.6.90.122
"2025-09-22 18:11:43",pe.aciertala.com,782425139,787640909,jorluis303,"Player Online",109698980678,jorluis303shop,PEN,50,0.00,50,,9.67,59.67,SportBooks,Deposit,"Depósito - Retiro","Alps Online Deposit (1017)",Payments,Deposito,,132.184.130.189
"2025-09-22 18:12:06",pe.aciertala.com,782425139,787903856,pepo,"Player Online",109698985946,peposhop,PEN,100,0.00,100,,0.09,100.09,SportBooks,Deposit,"Depósito - Retiro","XAQRPAY DEPOSIT (2014)",Payments,"XAQRPAY DEPOSIT",,179.7.16.41
"2025-09-22 17:58:34",pe.aciertala.com,782425139,787755167,Astrack,"Player Online",109698787664,Astrackshop,PEN,100,0.00,100,,1309.75,1409.75,SportBooks,Deposit,"Depósito - Retiro","Alps Withdraw Rejected (1027)",Payments,"Retiro Rechazado",,179.7.16.177
"2025-09-22 21:50:35",pe.aciertala.com,782425139,787755029,julioDD,"Player Online",109700672885,julioDDshop,PEN,50,0.00,50,,0.57,50.57,SportBooks,Deposit,"Depósito - Retiro","XAQRPAY DEPOSIT (2014)",Payments,"XAQRPAY DEPOSIT",,138.84.38.248
"2025-09-22 22:08:06",pe.aciertala.com,782425139,783588842,fredyal,"Player Online",109700725688,fredyalshop,PEN,150,0.00,150,,75.36,225.36,SportBooks,Deposit,"Depósito - Retiro","Cupón redimido (12)",Cupón,"#2023118 Voucher Canjeado",,179.6.90.122
"2025-09-22 20:37:21",pe.aciertala.com,782425139,787745093,valentin21,"Player Online",109700351171,valentin21shop,PEN,30,0.00,30,,0.1,30.1,SportBooks,Deposit,"Depósito - Retiro","XAQRPAY DEPOSIT (2014)",Payments,"XAQRPAY DEPOSIT",,38.253.158.13
"2025-09-22 20:34:57",pe.aciertala.com,782425139,787934747,broko0307,"Player Online",109700337839,broko0307shop,PEN,70,0.00,70,,28.47,98.47,SportBooks,Deposit,"Depósito - Retiro","Alps Withdraw Rejected (1027)",Payments,"Retiro Rechazado",,143.105.157.94
"2025-09-22 21:09:37",pe.aciertala.com,782425139,787934612,Davles,"Player Online",109700513705,Davlesshop,PEN,20,0.00,20,,0.07,20.07,SportBooks,Deposit,"Depósito - Retiro","XAQRPAY DEPOSIT (2014)",Payments,"XAQRPAY DEPOSIT",,181.176.84.155
"2025-09-22 21:12:34",pe.aciertala.com,782425139,786963479,gato2024,"Player Online",109700527256,"Carolina Parra Gestor",PEN,68,0.00,68,,0.98,68.98,SportBooks,Deposit,"Depósito - Retiro","Ajuste de apuesta (80)",Miscellaneous,"Depósito De Sportsbook","Recarga al toque",138.186.143.50
"2025-09-22 21:12:45",pe.aciertala.com,782425139,787735541,chris,"Player Online",109700527922,chrisshop,PEN,119,0.00,119,,0.66,119.66,SportBooks,Deposit,"Depósito - Retiro","tuPayXabtPay Withdraw Rejected (2021)",Payments,"Withdraw Rejected",,177.91.250.34
"2025-09-22 21:14:52",pe.aciertala.com,782425139,787934612,Davles,"Player Online",109700536838,Davlesshop,PEN,20,0.00,20,,0.77,20.77,SportBooks,Deposit,"Depósito - Retiro","XAQRPAY DEPOSIT (2014)",Payments,"XAQRPAY DEPOSIT",,181.176.84.155
"2025-09-22 20:15:26",pe.aciertala.com,782425139,787934747,broko0307,"Player Online",109700227079,broko0307shop,PEN,70,0.00,70,,31.47,101.47,SportBooks,Deposit,"Depósito - Retiro","tuPayXabtPay Withdraw Rejected (2021)",Payments,"Withdraw Rejected",,143.105.157.94
"2025-09-22 20:18:18",pe.aciertala.com,782425139,786963479,gato2024,"Player Online",109700246231,"Carolina Parra Gestor",PEN,70,0.00,70,,0.87,70.87,SportBooks,Deposit,"Depósito - Retiro","Ajuste de apuesta (80)",Miscellaneous,"Depósito De Sportsbook","Recarga al toque",138.186.143.50
"2025-09-22 20:48:05",pe.aciertala.com,782425139,787349360,fernando03,"Player Online",109700407712,fernando03shop,PEN,30,0.00,30,,7.29,37.29,SportBooks,Deposit,"Depósito - Retiro","XAQRPAY DEPOSIT (2014)",Payments,"XAQRPAY DEPOSIT",,181.176.107.238
"2025-09-23 08:18:55",pe.aciertala.com,787850000,787850045,T05ALCAZAR,Operador,109706254466,"ANTHIA CHERO Aciertala Gestor",PEN,2000,0.00,2000,,0.27,2000.27,SportBooks,Deposit,"Depósito - Retiro","Ajuste de apuesta (80)",Miscellaneous,"Depósito De Sportsbook",saldo,181.233.152.6
"2025-09-23 08:20:28",pe.aciertala.com,782425139,787948943,cesitar1,"Player Online",109706283236,cesitar1shop,PEN,50,0.00,50,,950.1,1000.1,SportBooks,Deposit,"Depósito - Retiro","tuPayXabtPay Withdraw Rejected (2021)",Payments,"Withdraw Rejected",,132.184.55.220
"2025-09-23 07:54:46",pe.aciertala.com,782425139,787735541,chris,"Player Online",109705825649,chrisshop,PEN,120,0.00,120,,0.61,120.61,SportBooks,Deposit,"Depósito - Retiro","Alps Withdraw Rejected (1027)",Payments,"Retiro Rechazado",,177.91.250.34
"2025-09-22 19:17:16",pe.aciertala.com,782425139,787842665,Malkavian159,"Player Online",109699773920,Malkavian159shop,PEN,50,0.00,50,,0.18,50.18,SportBooks,Deposit,"Depósito - Retiro","XAQRPAY DEPOSIT (2014)",Payments,"XAQRPAY DEPOSIT",,38.25.17.200
"2025-09-22 19:23:37",pe.aciertala.com,782425139,787734617,Dior077,"Player Online",109699831037,"lauren reyes Gestor",PEN,5,0.00,5,,0,5,SportBooks,Deposit,"Depósito - Retiro","Deposito Bancario (83)",Banco,"Depósito De Banco","recarga al toque",190.120.229.196
"2025-09-22 19:32:03",pe.aciertala.com,782425139,787470200,daca,"Player Online",109699902086,dacashop,PEN,5,0.00,5,,1.99,6.99,SportBooks,Deposit,"Depósito - Retiro","Cupón redimido (12)",Cupón,"#2023112 Voucher Canjeado",,132.251.0.207
"2025-09-22 19:37:25",pe.aciertala.com,782425139,783196143,jlrm619,"Player Online",109699946312,jlrm619shop,PEN,50,0.00,50,,60.03,110.03,SportBooks,Deposit,"Depósito - Retiro","XAQRPAY DEPOSIT (2014)",Payments,"XAQRPAY DEPOSIT",,181.64.13.1
"2025-09-22 19:53:41",pe.aciertala.com,782425139,784100114,juanlucar,"Player Online",109700075465,"lauren reyes Gestor",PEN,20,0.00,20,,0.19,20.19,SportBooks,Deposit,"Depósito - Retiro","Deposito Bancario (83)",Banco,"Depósito De Banco","recarga al toque",190.120.229.196
"2025-09-22 20:06:06",pe.aciertala.com,782425139,786963479,gato2024,"Player Online",109700161208,"Carolina Parra Gestor",PEN,50,0.00,50,,0.95,50.95,SportBooks,Deposit,"Depósito - Retiro","Ajuste de apuesta (80)",Miscellaneous,"Depósito De Sportsbook","Recarga al toque",138.186.143.50
"2025-09-22 20:06:26",pe.aciertala.com,782425139,787934612,Davles,"Player Online",109700163785,Davlesshop,PEN,20,0.00,20,,0.63,20.63,SportBooks,Deposit,"Depósito - Retiro","XAQRPAY DEPOSIT (2014)",Payments,"XAQRPAY DEPOSIT",,181.176.84.155
"2025-09-23 07:46:36",pe.aciertala.com,782425139,787780568,IRWING35,"Player Online",109705674686,IRWING35shop,PEN,149,0.00,149,,0.66,149.66,SportBooks,Deposit,"Depósito - Retiro","tuPayXabtPay Withdraw Rejected (2021)",Payments,"Withdraw Rejected",,179.6.168.85
"2025-09-23 09:18:01",pe.aciertala.com,782425139,787948943,cesitar1,"Player Online",109707254621,cesitar1shop,PEN,50,0.00,50,,0.2,50.2,SportBooks,Deposit,"Depósito - Retiro","XAQRPAY DEPOSIT (2014)",Payments,"XAQRPAY DEPOSIT",,132.184.55.54
"2025-09-23 09:05:40",pe.aciertala.com,782425139,787748381,KEVINDEMO321,"Player Online",109707060971,KEVINDEMO321shop,PEN,62,0.00,62,,0.03,62.03,SportBooks,Deposit,"Depósito - Retiro","XAQRPAY DEPOSIT (2014)",Payments,"XAQRPAY DEPOSIT",,179.6.137.97
"2025-09-23 09:48:06",pe.aciertala.com,782425139,787349360,fernando03,"Player Online",109707739781,fernando03shop,PEN,20,0.00,20,,0.29,20.29,SportBooks,Deposit,"Depósito - Retiro","XAQRPAY DEPOSIT (2014)",Payments,"XAQRPAY DEPOSIT",,181.176.231.45
"2025-09-23 11:47:41",pe.aciertala.com,782425139,787850972,myupanqui,"Player Online",109709863853,myupanquishop,PEN,50,0.00,50,,467.01,517.01,SportBooks,Deposit,"Depósito - Retiro","XAQRPAY DEPOSIT (2014)",Payments,"XAQRPAY DEPOSIT",,190.239.75.85
"2025-09-23 11:36:16",pe.aciertala.com,782425139,787712291,jeloy1208,"Player Online",109709627861,jeloy1208shop,PEN,30,0.00,30,,0,30,SportBooks,Deposit,"Depósito - Retiro","XAQRPAY DEPOSIT (2014)",Payments,"XAQRPAY DEPOSIT",,161.132.109.192
"2025-09-23 11:11:56",pe.aciertala.com,782425139,787931855,pajares,"Player Online",109709149952,pajaresshop,PEN,42,0.00,42,,0.51,42.51,SportBooks,Deposit,"Depósito - Retiro","XAQRPAY DEPOSIT (2014)",Payments,"XAQRPAY DEPOSIT",,186.40.106.167
"2025-09-23 11:17:07",pe.aciertala.com,782953645,787757306,T01CTOGRANDE2,Operador,109709246321,"ANTHIA CHERO Aciertala Gestor",PEN,3000,0.00,3000,,2,3002,SportBooks,Deposit,"Depósito - Retiro","Ajuste de apuesta (80)",Miscellaneous,"Depósito De Sportsbook",slaod,181.233.152.6
"2025-09-23 11:18:27",pe.aciertala.com,782425139,787948943,cesitar1,"Player Online",109709272865,cesitar1shop,PEN,100,0.00,100,,0,100,SportBooks,Deposit,"Depósito - Retiro","XAQRPAY DEPOSIT (2014)",Payments,"XAQRPAY DEPOSIT",,132.184.55.54
"2025-09-23 11:24:36",pe.aciertala.com,782425139,787745093,valentin21,"Player Online",109709395802,valentin21shop,PEN,50,0.00,50,,0.1,50.1,SportBooks,Deposit,"Depósito - Retiro","XAQRPAY DEPOSIT (2014)",Payments,"XAQRPAY DEPOSIT",,38.253.158.13
"2025-09-23 11:27:15",pe.aciertala.com,782425139,786963479,gato2024,"Player Online",109709449574,"Eliezer Bartolozzi Aciertala Gestor",PEN,50,0.00,50,,0.2,50.2,SportBooks,Deposit,"Depósito - Retiro","Deposito Bancario (83)",Banco,"Depósito De Banco","al toque",177.152.87.161
"2025-09-23 11:27:26",pe.aciertala.com,782425139,787948943,cesitar1,"Player Online",109709453201,cesitar1shop,PEN,200,0.00,200,,0,200,SportBooks,Deposit,"Depósito - Retiro","XAQRPAY DEPOSIT (2014)",Payments,"XAQRPAY DEPOSIT",,132.184.55.54
"2025-09-23 11:05:49",pe.aciertala.com,782425139,785344119,Carlos1414,"Player Online",109709035586,Carlos1414shop,PEN,30,0.00,30,,0.74,30.74,SportBooks,Deposit,"Depósito - Retiro","Alps Online Deposit (1017)",Payments,Deposito,,200.121.216.199
"2025-09-23 11:42:06",pe.aciertala.com,782425139,787850807,BrunitoZam,"Player Online",109709748770,BrunitoZamshop,PEN,500,0.00,500,,15.49,515.49,SportBooks,Deposit,"Depósito - Retiro","tuPayXabtPay  Deposit (2019)",Payments,Deposit,,181.176.106.140
"2025-09-23 12:00:36",pe.aciertala.com,782425139,783589778,enriquefgch,"Player Online",109710141185,enriquefgchshop,PEN,50,0.00,50,,0.05,50.05,SportBooks,Deposit,"Depósito - Retiro","XAQRPAY DEPOSIT (2014)",Payments,"XAQRPAY DEPOSIT",,181.176.231.244
"2025-09-23 12:02:46",pe.aciertala.com,782425139,787890812,Adler1471,"Player Online",109710189200,Adler1471shop,PEN,50,0.00,50,,53,103,SportBooks,Deposit,"Depósito - Retiro","XAQRPAY DEPOSIT (2014)",Payments,"XAQRPAY DEPOSIT",,38.25.98.94
"2025-09-23 12:02:36",pe.aciertala.com,782425139,787689272,Lucero94,"Player Online",109710185537,Lucero94shop,PEN,50,0.00,50,,0.21,50.21,SportBooks,Deposit,"Depósito - Retiro","tuPayXabtPay  Deposit (2019)",Payments,Deposit,,132.157.129.233
"2025-09-23 12:15:43",pe.aciertala.com,782425139,784100114,juanlucar,"Player Online",109710470897,"lauren reyes Gestor",PEN,8,0.00,8,,13.19,21.19,SportBooks,Deposit,"Depósito - Retiro","Deposito Bancario (83)",Banco,"Depósito De Banco","recarga al toque",190.120.229.196
"2025-09-23 12:09:00",pe.aciertala.com,782425139,787805549,Ysagirl,"Player Online",109710321863,Ysagirlshop,PEN,50,0.00,50,,0.13,50.13,SportBooks,Deposit,"Depósito - Retiro","tuPayXabtPay  Deposit (2019)",Payments,Deposit,,132.191.2.91
"2025-09-23 06:11:54",pe.aciertala.com,782425139,787719266,jack2408,"Player Online",109703919620,jack2408shop,PEN,50,0.00,50,,0.09,50.09,SportBooks,Deposit,"Depósito - Retiro","tuPayXabtPay  Deposit (2019)",Payments,Deposit,,38.255.109.181
"2025-09-23 07:13:25",pe.aciertala.com,782425139,787786997,JGibson91,"Player Online",109705058339,JGibson91shop,PEN,50,0.00,50,,0.49,50.49,SportBooks,Deposit,"Depósito - Retiro","tuPayXabtPay  Deposit (2019)",Payments,Deposit,,209.45.55.211
"2025-09-23 07:34:36",pe.aciertala.com,782425139,787897898,admluhues,"Player Online",109705446287,admluhuesshop,PEN,58,0.00,58,,0.55,58.55,SportBooks,Deposit,"Depósito - Retiro","tuPayXabtPay Withdraw Rejected (2021)",Payments,"Withdraw Rejected",,200.106.20.72
"2025-09-23 07:35:07",pe.aciertala.com,782425139,787719455,Paulina126,"Player Online",109705455833,Paulina126shop,PEN,73,0.00,73,,0.34,73.34,SportBooks,Deposit,"Depósito - Retiro","tuPayXabtPay Withdraw Rejected (2021)",Payments,"Withdraw Rejected",,190.236.0.8
"2025-09-23 07:38:03",pe.aciertala.com,782425139,787948943,cesitar1,"Player Online",109705510262,cesitar1shop,PEN,1000,0.00,1000,,0.1,1000.1,SportBooks,Deposit,"Depósito - Retiro","tuPayXabtPay Withdraw Rejected (2021)",Payments,"Withdraw Rejected",,132.184.55.220
"2025-09-23 04:36:26",pe.aciertala.com,782425139,787891142,luisardo45,"Player Online",109702300646,luisardo45shop,PEN,50,0.00,50,,252.62,302.62,SportBooks,Deposit,"Depósito - Retiro","tuPayXabtPay  Deposit (2019)",Payments,Deposit,,161.132.37.132
"2025-09-23 05:36:06",pe.aciertala.com,782425139,787802474,calram5,"Player Online",109703280485,calram5shop,PEN,50,0.00,50,,26.81,76.81,SportBooks,Deposit,"Depósito - Retiro","XAQRPAY DEPOSIT (2014)",Payments,"XAQRPAY DEPOSIT",,190.42.184.136
"2025-09-23 10:40:26",pe.aciertala.com,782425139,787831517,darthmau26,"Player Online",109708599002,darthmau26shop,PEN,50,0.00,50,,12.27,62.27,SportBooks,Deposit,"Depósito - Retiro","XAQRPAY DEPOSIT (2014)",Payments,"XAQRPAY DEPOSIT",,190.235.44.162
"2025-09-23 10:41:24",pe.aciertala.com,782425139,786963479,gato2024,"Player Online",109708614695,"Eliezer Bartolozzi Aciertala Gestor",PEN,57,0.00,57,,0.21,57.21,SportBooks,Deposit,"Depósito - Retiro","Deposito Bancario (83)",Banco,"Depósito De Banco","al toque",177.152.87.161
"2025-09-23 10:39:37",pe.aciertala.com,782425139,787717796,EDUARDO3030,"Player Online",109708585214,EDUARDO3030shop,PEN,50,0.00,50,,0.12,50.12,SportBooks,Deposit,"Depósito - Retiro","XAQRPAY DEPOSIT (2014)",Payments,"XAQRPAY DEPOSIT",,179.6.80.19
"2025-09-23 02:12:16",pe.aciertala.com,782425139,787947626,Humbert7,"Player Online",109701120374,Humbert7shop,PEN,20,0.00,20,,0,20,SportBooks,Deposit,"Depósito - Retiro","Alps Online Deposit (1017)",Payments,Deposito,,190.43.154.13
"2025-09-23 02:02:06",pe.aciertala.com,782425139,787949531,Jufaorvi23,"Player Online",109701100829,Jufaorvi23shop,PEN,90,0.00,90,,0.42,90.42,SportBooks,Deposit,"Depósito - Retiro","XACC TuPay deposit (2024)",Payments,Deposit,,132.251.1.204
"2025-09-23 13:02:01",pe.aciertala.com,782425139,786963479,gato2024,"Player Online",109711584614,"Eliezer Bartolozzi Aciertala Gestor",PEN,64,0.00,64,,0.25,64.25,SportBooks,Deposit,"Depósito - Retiro","Deposito Bancario (83)",Banco,"Depósito De Banco","al toque",177.152.87.161
"2025-09-23 16:26:25",pe.aciertala.com,782425139,783027979,maycol2025,"Player Online",109716849863,maycol2025shop,PEN,20,0.00,20,,0,20,SportBooks,Deposit,"Depósito - Retiro","Cupón redimido (12)",Cupón,"#2023136 Voucher Canjeado",,179.7.88.233
"2025-09-23 14:41:58",pe.aciertala.com,782953903,787760786,T07VARADEORO,Operador,109714256249,"ANTHIA CHERO Aciertala Gestor",PEN,3000,0.00,3000,,68,3068,SportBooks,Deposit,"Depósito - Retiro","Ajuste de apuesta (80)",Miscellaneous,"Depósito De Sportsbook",saldo,181.233.152.6
"2025-09-23 17:21:11",pe.aciertala.com,782425139,787951472,jesusmayhuiri726,"Player Online",109718055593,jesusmayhuiri726shop,PEN,259,0.00,259,,0.79,259.79,SportBooks,Deposit,"Depósito - Retiro","tuPayXabtPay Withdraw Rejected (2021)",Payments,"Withdraw Rejected",,45.232.149.242
"2025-09-23 17:07:22",pe.aciertala.com,782425139,787951472,jesusmayhuiri726,"Player Online",109717768910,jesusmayhuiri726shop,PEN,261,0.00,261,,0.29,261.29,SportBooks,Deposit,"Depósito - Retiro","tuPayXabtPay Withdraw Rejected (2021)",Payments,"Withdraw Rejected",,45.232.149.242
"2025-09-23 16:58:47",pe.aciertala.com,782425139,787936745,Andrea2102,"Player Online",109717588310,Andrea2102shop,PEN,20,0.00,20,,0.9,20.9,SportBooks,Deposit,"Depósito - Retiro","XAQRPAY DEPOSIT (2014)",Payments,"XAQRPAY DEPOSIT",,190.237.121.99
"2025-09-23 15:59:06",pe.aciertala.com,782425139,787948943,cesitar1,"Player Online",109716225713,cesitar1shop,PEN,50,0.00,50,,0.1,50.1,SportBooks,Deposit,"Depósito - Retiro","XAQRPAY DEPOSIT (2014)",Payments,"XAQRPAY DEPOSIT",,132.184.55.54
"2025-09-23 16:13:17",pe.aciertala.com,782425139,787948943,cesitar1,"Player Online",109716545903,cesitar1shop,PEN,100,0.00,100,,0.1,100.1,SportBooks,Deposit,"Depósito - Retiro","XAQRPAY DEPOSIT (2014)",Payments,"XAQRPAY DEPOSIT",,132.184.55.54
"2025-09-23 16:04:37",pe.aciertala.com,782425139,787948943,cesitar1,"Player Online",109716346511,cesitar1shop,PEN,50,0.00,50,,0.1,50.1,SportBooks,Deposit,"Depósito - Retiro","XAQRPAY DEPOSIT (2014)",Payments,"XAQRPAY DEPOSIT",,132.184.55.54
"2025-09-23 17:32:57",pe.aciertala.com,782425139,787712291,jeloy1208,"Player Online",109718287904,jeloy1208shop,PEN,30,0.00,30,,0,30,SportBooks,Deposit,"Depósito - Retiro","XAQRPAY DEPOSIT (2014)",Payments,"XAQRPAY DEPOSIT",,161.132.109.192
"2025-09-23 17:56:15",pe.aciertala.com,782425139,787920011,crzzz123,"Player Online",109718695925,crzzz123shop,PEN,50,0.00,50,,0,50,SportBooks,Deposit,"Depósito - Retiro","XAQRPAY DEPOSIT (2014)",Payments,"XAQRPAY DEPOSIT",,179.6.45.224
"2025-09-23 17:44:19",pe.aciertala.com,782425139,784100114,juanlucar,"Player Online",109718498876,"Maria Vargas Gestor",PEN,10,0.00,10,,0.19,10.19,SportBooks,Deposit,"Depósito - Retiro","Deposito Bancario (83)",Banco,"Depósito De Banco","Recarga al Toque",190.236.255.107
"2025-09-23 18:00:08",pe.aciertala.com,782425139,787776128,jeanmaik,"Player Online",109718757758,"lauren reyes Gestor",PEN,10,0.00,10,,0.82,10.82,SportBooks,Deposit,"Depósito - Retiro","Deposito Bancario (83)",Banco,"Depósito De Banco","recarga al toque",190.120.229.196
"2025-09-23 18:28:30",pe.aciertala.com,782425139,783588842,fredyal,"Player Online",109719154853,fredyalshop,PEN,120,0.00,120,,0.33,120.33,SportBooks,Deposit,"Depósito - Retiro","Cupón redimido (12)",Cupón,"#2023142 Voucher Canjeado",,179.7.89.71
"2025-09-23 18:29:41",pe.aciertala.com,782425139,786963479,gato2024,"Player Online",109719170120,"Maria Vargas Gestor",PEN,32,0.00,32,,0,32,SportBooks,Deposit,"Depósito - Retiro","Deposito Bancario (83)",Banco,"Depósito De Banco","Recarga al Toque",190.236.255.107
"2025-09-23 18:29:48",pe.aciertala.com,787246115,787892429,T9MercadoRojo,Operador,109719171575,"ANTHIA CHERO Aciertala Gestor",PEN,2000,0.00,2000,,1.02,2001.02,SportBooks,Deposit,"Depósito - Retiro","Ajuste de apuesta (80)",Miscellaneous,"Depósito De Sportsbook",saldo,181.233.152.6
"2025-09-23 18:54:36",pe.aciertala.com,782425139,786658670,Leyla,"Player Online",109719465707,Leylashop,PEN,50,0.00,50,,382.04,432.04,SportBooks,Deposit,"Depósito - Retiro","XAQRPAY DEPOSIT (2014)",Payments,"XAQRPAY DEPOSIT",,179.6.12.15
"2025-09-23 18:58:03",pe.aciertala.com,782425139,786963479,gato2024,"Player Online",109719500852,"Maria Vargas Gestor",PEN,63,0.00,63,,0,63,SportBooks,Deposit,"Depósito - Retiro","Deposito Bancario (83)",Banco,"Depósito De Banco","Recarga al Toque",190.236.255.107
"2025-09-23 20:31:03",pe.aciertala.com,782425139,786963479,gato2024,"Player Online",109720182053,"Maria Vargas Gestor",PEN,70,0.00,70,,0.54,70.54,SportBooks,Deposit,"Depósito - Retiro","Deposito Bancario (83)",Banco,"Depósito De Banco","Recarga al Toque",190.236.255.107
"2025-09-23 20:22:14",pe.aciertala.com,782425139,786963479,gato2024,"Player Online",109720141484,"Maria Vargas Gestor",PEN,50,0.00,50,,0.8,50.8,SportBooks,Deposit,"Depósito - Retiro","Deposito Bancario (83)",Banco,"Depósito De Banco","Recarga al toque",190.236.255.107
"2025-09-23 20:47:16",pe.aciertala.com,782425139,787951928,jeff_051,"Player Online",109720253879,jeff_051shop,PEN,110,0.00,110,,0,110,SportBooks,Deposit,"Depósito - Retiro","tuPayXabtPay  Deposit (2019)",Payments,Deposit,,181.67.43.222
"2025-09-23 20:55:09",pe.aciertala.com,782425139,787850807,BrunitoZam,"Player Online",109720282466,BrunitoZamshop,PEN,500,0.00,500,,280.49,780.49,SportBooks,Deposit,"Depósito - Retiro","tuPayXabtPay  Deposit (2019)",Payments,Deposit,,181.176.112.131
"2025-09-23 21:28:26",pe.aciertala.com,782425139,786963479,gato2024,"Player Online",109720392848,"Maria Vargas Gestor",PEN,100,0.00,100,,0.2,100.2,SportBooks,Deposit,"Depósito - Retiro","Deposito Bancario (83)",Banco,"Depósito De Banco","Recarga al Toque",190.236.255.107
"2025-09-23 21:46:56",pe.aciertala.com,782425139,787951988,Mabel13,"Player Online",109720442936,Mabel13shop,PEN,20,0.00,20,,0,20,SportBooks,Deposit,"Depósito - Retiro","XAQRPAY DEPOSIT (2014)",Payments,"XAQRPAY DEPOSIT",,190.42.33.191
"2025-09-23 21:55:23",pe.aciertala.com,782425139,786963479,gato2024,"Player Online",109720465403,"Maria Vargas Gestor",PEN,100,0.00,100,,0.13,100.13,SportBooks,Deposit,"Depósito - Retiro","Deposito Bancario (83)",Banco,"Depósito De Banco","Recarga al Toque",190.236.255.107
"2025-09-23 22:48:26",pe.aciertala.com,782425139,787950833,cars2420,"Player Online",109720572044,cars2420shop,PEN,50,0.00,50,,0,50,SportBooks,Deposit,"Depósito - Retiro","XAQRPAY DEPOSIT (2014)",Payments,"XAQRPAY DEPOSIT",,179.7.64.241
"2025-09-23 22:25:24",pe.aciertala.com,782425139,787715396,Luiys_7,"Player Online",109720534646,Luiys_7shop,PEN,20,0.00,20,,0,20,SportBooks,Deposit,"Depósito - Retiro","Alps Online Deposit (1017)",Payments,Deposito,,177.91.249.0
"2025-09-23 20:12:36",pe.aciertala.com,782425139,787755029,julioDD,"Player Online",109720100585,julioDDshop,PEN,50,0.00,50,,51.26,101.26,SportBooks,Deposit,"Depósito - Retiro","XAQRPAY DEPOSIT (2014)",Payments,"XAQRPAY DEPOSIT",,138.84.38.248
